tag_code,tag_name,category,part,depth,weight,is_active
G-001,Grammar Concept 1,GRAMMAR,RC,2,1.1,True
G-002,Grammar Concept 2,GRAMMAR,RC,2,1.1,True
G-003,Grammar Concept 3,GRAMMAR,RC,2,1.1,True
G-004,Grammar Concept 4,GRAMMAR,RC,2,1.1,True
G-005,Grammar Concept 5,GRAMMAR,RC,2,1.1,True
G-006,Grammar Concept 6,GRAMMAR,RC,2,1.1,True
G-007,Grammar Concept 7,GRAMMAR,RC,2,1.1,True
G-008,Grammar Concept 8,GRAMMAR,RC,2,1.1,True
G-009,Grammar Concept 9,GRAMMAR,RC,2,1.1,True
G-010,Grammar Concept 10,GRAMMAR,RC,2,1.1,True
G-011,Grammar Concept 11,GRAMMAR,RC,2,1.1,True
G-012,Grammar Concept 12,GRAMMAR,RC,2,1.1,True
G-013,Grammar Concept 13,GRAMMAR,RC,2,1.1,True
G-014,Grammar Concept 14,GRAMMAR,RC,2,1.1,True
G-015,Grammar Concept 15,GRAMMAR,RC,2,1.1,True
G-016,Grammar Concept 16,GRAMMAR,RC,2,1.1,True
G-017,Grammar Concept 17,GRAMMAR,RC,2,1.1,True
G-018,Grammar Concept 18,GRAMMAR,RC,2,1.1,True
G-019,Grammar Concept 19,GRAMMAR,RC,2,1.1,True
G-020,Grammar Concept 20,GRAMMAR,RC,2,1.1,True
G-021,Grammar Concept 21,GRAMMAR,RC,2,1.1,True
G-022,Grammar Concept 22,GRAMMAR,RC,2,1.1,True
G-023,Grammar Concept 23,GRAMMAR,RC,2,1.1,True
G-024,Grammar Concept 24,GRAMMAR,RC,2,1.1,True
G-025,Grammar Concept 25,GRAMMAR,RC,2,1.1,True
G-026,Grammar Concept 26,GRAMMAR,RC,2,1.1,True
G-027,Grammar Concept 27,GRAMMAR,RC,2,1.1,True
G-028,Grammar Concept 28,GRAMMAR,RC,2,1.1,True
G-029,Grammar Concept 29,GRAMMAR,RC,2,1.1,True
G-030,Grammar Concept 30,GRAMMAR,RC,2,1.1,True
G-031,Grammar Concept 31,GRAMMAR,RC,2,1.1,True
G-032,Grammar Concept 32,GRAMMAR,RC,2,1.1,True
G-033,Grammar Concept 33,GRAMMAR,RC,2,1.1,True
G-034,Grammar Concept 34,GRAMMAR,RC,2,1.1,True
G-035,Grammar Concept 35,GRAMMAR,RC,2,1.1,True
G-036,Grammar Concept 36,GRAMMAR,RC,2,1.1,True
G-037,Grammar Concept 37,GRAMMAR,RC,2,1.1,True
G-038,Grammar Concept 38,GRAMMAR,RC,2,1.1,True
G-039,Grammar Concept 39,GRAMMAR,RC,2,1.1,True
G-040,Grammar Concept 40,GRAMMAR,RC,2,1.1,True
G-041,Grammar Concept 41,GRAMMAR,RC,2,1.1,True
G-042,Grammar Concept 42,GRAMMAR,RC,2,1.1,True
G-043,Grammar Concept 43,GRAMMAR,RC,2,1.1,True
G-044,Grammar Concept 44,GRAMMAR,RC,2,1.1,True
G-045,Grammar Concept 45,GRAMMAR,RC,2,1.1,True
G-046,Grammar Concept 46,GRAMMAR,RC,2,1.1,True
G-047,Grammar Concept 47,GRAMMAR,RC,2,1.1,True
G-048,Grammar Concept 48,GRAMMAR,RC,2,1.1,True
G-049,Grammar Concept 49,GRAMMAR,RC,2,1.1,True
G-050,Grammar Concept 50,GRAMMAR,RC,2,1.1,True
G-051,Grammar Concept 51,GRAMMAR,RC,2,1.1,True
G-052,Grammar Concept 52,GRAMMAR,RC,2,1.1,True
G-053,Grammar Concept 53,GRAMMAR,RC,2,1.1,True
G-054,Grammar Concept 54,GRAMMAR,RC,2,1.1,True
G-055,Grammar Concept 55,GRAMMAR,RC,2,1.1,True
G-056,Grammar Concept 56,GRAMMAR,RC,2,1.1,True
G-057,Grammar Concept 57,GRAMMAR,RC,2,1.1,True
G-058,Grammar Concept 58,GRAMMAR,RC,2,1.1,True
G-059,Grammar Concept 59,GRAMMAR,RC,2,1.1,True
G-060,Grammar Concept 60,GRAMMAR,RC,2,1.1,True
G-061,Grammar Concept 61,GRAMMAR,RC,2,1.1,True
G-062,Grammar Concept 62,GRAMMAR,RC,2,1.1,True
G-063,Grammar Concept 63,GRAMMAR,RC,2,1.1,True
G-064,Grammar Concept 64,GRAMMAR,RC,2,1.1,True
G-065,Grammar Concept 65,GRAMMAR,RC,2,1.1,True
G-066,Grammar Concept 66,GRAMMAR,RC,2,1.1,True
G-067,Grammar Concept 67,GRAMMAR,RC,2,1.1,True
G-068,Grammar Concept 68,GRAMMAR,RC,2,1.1,True
G-069,Grammar Concept 69,GRAMMAR,RC,2,1.1,True
G-070,Grammar Concept 70,GRAMMAR,RC,2,1.1,True
G-071,Grammar Concept 71,GRAMMAR,RC,2,1.1,True
G-072,Grammar Concept 72,GRAMMAR,RC,2,1.1,True
G-073,Grammar Concept 73,GRAMMAR,RC,2,1.1,True
G-074,Grammar Concept 74,GRAMMAR,RC,2,1.1,True
G-075,Grammar Concept 75,GRAMMAR,RC,2,1.1,True
G-076,Grammar Concept 76,GRAMMAR,RC,2,1.1,True
G-077,Grammar Concept 77,GRAMMAR,RC,2,1.1,True
G-078,Grammar Concept 78,GRAMMAR,RC,2,1.1,True
G-079,Grammar Concept 79,GRAMMAR,RC,2,1.1,True
G-080,Grammar Concept 80,GRAMMAR,RC,2,1.1,True
G-081,Grammar Concept 81,GRAMMAR,RC,2,1.1,True
G-082,Grammar Concept 82,GRAMMAR,RC,2,1.1,True
G-083,Grammar Concept 83,GRAMMAR,RC,2,1.1,True
G-084,Grammar Concept 84,GRAMMAR,RC,2,1.1,True
G-085,Grammar Concept 85,GRAMMAR,RC,2,1.1,True
G-086,Grammar Concept 86,GRAMMAR,RC,2,1.1,True
G-087,Grammar Concept 87,GRAMMAR,RC,2,1.1,True
G-088,Grammar Concept 88,GRAMMAR,RC,2,1.1,True
G-089,Grammar Concept 89,GRAMMAR,RC,2,1.1,True
G-090,Grammar Concept 90,GRAMMAR,RC,2,1.1,True
G-091,Grammar Concept 91,GRAMMAR,RC,2,1.1,True
G-092,Grammar Concept 92,GRAMMAR,RC,2,1.1,True
G-093,Grammar Concept 93,GRAMMAR,RC,2,1.1,True
G-094,Grammar Concept 94,GRAMMAR,RC,2,1.1,True
G-095,Grammar Concept 95,GRAMMAR,RC,2,1.1,True
G-096,Grammar Concept 96,GRAMMAR,RC,2,1.1,True
G-097,Grammar Concept 97,GRAMMAR,RC,2,1.1,True
G-098,Grammar Concept 98,GRAMMAR,RC,2,1.1,True
G-099,Grammar Concept 99,GRAMMAR,RC,2,1.1,True
G-100,Grammar Concept 100,GRAMMAR,RC,2,1.1,True
G-101,Grammar Concept 101,GRAMMAR,RC,2,1.1,True
G-102,Grammar Concept 102,GRAMMAR,RC,2,1.1,True
G-103,Grammar Concept 103,GRAMMAR,RC,2,1.1,True
G-104,Grammar Concept 104,GRAMMAR,RC,2,1.1,True
G-105,Grammar Concept 105,GRAMMAR,RC,2,1.1,True
G-106,Grammar Concept 106,GRAMMAR,RC,2,1.1,True
G-107,Grammar Concept 107,GRAMMAR,RC,2,1.1,True
G-108,Grammar Concept 108,GRAMMAR,RC,2,1.1,True
G-109,Grammar Concept 109,GRAMMAR,RC,2,1.1,True
G-110,Grammar Concept 110,GRAMMAR,RC,2,1.1,True
G-111,Grammar Concept 111,GRAMMAR,RC,2,1.1,True
G-112,Grammar Concept 112,GRAMMAR,RC,2,1.1,True
G-113,Grammar Concept 113,GRAMMAR,RC,2,1.1,True
G-114,Grammar Concept 114,GRAMMAR,RC,2,1.1,True
G-115,Grammar Concept 115,GRAMMAR,RC,2,1.1,True
G-116,Grammar Concept 116,GRAMMAR,RC,2,1.1,True
G-117,Grammar Concept 117,GRAMMAR,RC,2,1.1,True
G-118,Grammar Concept 118,GRAMMAR,RC,2,1.1,True
G-119,Grammar Concept 119,GRAMMAR,RC,2,1.1,True
G-120,Grammar Concept 120,GRAMMAR,RC,2,1.1,True
G-121,Grammar Concept 121,GRAMMAR,RC,2,1.1,True
G-122,Grammar Concept 122,GRAMMAR,RC,2,1.1,True
G-123,Grammar Concept 123,GRAMMAR,RC,2,1.1,True
G-124,Grammar Concept 124,GRAMMAR,RC,2,1.1,True
G-125,Grammar Concept 125,GRAMMAR,RC,2,1.1,True
G-126,Grammar Concept 126,GRAMMAR,RC,2,1.1,True
G-127,Grammar Concept 127,GRAMMAR,RC,2,1.1,True
G-128,Grammar Concept 128,GRAMMAR,RC,2,1.1,True
G-129,Grammar Concept 129,GRAMMAR,RC,2,1.1,True
G-130,Grammar Concept 130,GRAMMAR,RC,2,1.1,True
G-131,Grammar Concept 131,GRAMMAR,RC,2,1.1,True
G-132,Grammar Concept 132,GRAMMAR,RC,2,1.1,True
G-133,Grammar Concept 133,GRAMMAR,RC,2,1.1,True
G-134,Grammar Concept 134,GRAMMAR,RC,2,1.1,True
G-135,Grammar Concept 135,GRAMMAR,RC,2,1.1,True
G-136,Grammar Concept 136,GRAMMAR,RC,2,1.1,True
G-137,Grammar Concept 137,GRAMMAR,RC,2,1.1,True
G-138,Grammar Concept 138,GRAMMAR,RC,2,1.1,True
G-139,Grammar Concept 139,GRAMMAR,RC,2,1.1,True
G-140,Grammar Concept 140,GRAMMAR,RC,2,1.1,True
G-141,Grammar Concept 141,GRAMMAR,RC,2,1.1,True
G-142,Grammar Concept 142,GRAMMAR,RC,2,1.1,True
G-143,Grammar Concept 143,GRAMMAR,RC,2,1.1,True
G-144,Grammar Concept 144,GRAMMAR,RC,2,1.1,True
G-145,Grammar Concept 145,GRAMMAR,RC,2,1.1,True
G-146,Grammar Concept 146,GRAMMAR,RC,2,1.1,True
G-147,Grammar Concept 147,GRAMMAR,RC,2,1.1,True
G-148,Grammar Concept 148,GRAMMAR,RC,2,1.1,True
G-149,Grammar Concept 149,GRAMMAR,RC,2,1.1,True
G-150,Grammar Concept 150,GRAMMAR,RC,2,1.1,True
G-151,Grammar Concept 151,GRAMMAR,RC,2,1.1,True
G-152,Grammar Concept 152,GRAMMAR,RC,2,1.1,True
G-153,Grammar Concept 153,GRAMMAR,RC,2,1.1,True
G-154,Grammar Concept 154,GRAMMAR,RC,2,1.1,True
G-155,Grammar Concept 155,GRAMMAR,RC,2,1.1,True
G-156,Grammar Concept 156,GRAMMAR,RC,2,1.1,True
G-157,Grammar Concept 157,GRAMMAR,RC,2,1.1,True
G-158,Grammar Concept 158,GRAMMAR,RC,2,1.1,True
G-159,Grammar Concept 159,GRAMMAR,RC,2,1.1,True
G-160,Grammar Concept 160,GRAMMAR,RC,2,1.1,True
G-161,Grammar Concept 161,GRAMMAR,RC,2,1.1,True
G-162,Grammar Concept 162,GRAMMAR,RC,2,1.1,True
G-163,Grammar Concept 163,GRAMMAR,RC,2,1.1,True
G-164,Grammar Concept 164,GRAMMAR,RC,2,1.1,True
G-165,Grammar Concept 165,GRAMMAR,RC,2,1.1,True
G-166,Grammar Concept 166,GRAMMAR,RC,2,1.1,True
G-167,Grammar Concept 167,GRAMMAR,RC,2,1.1,True
G-168,Grammar Concept 168,GRAMMAR,RC,2,1.1,True
G-169,Grammar Concept 169,GRAMMAR,RC,2,1.1,True
G-170,Grammar Concept 170,GRAMMAR,RC,2,1.1,True
G-171,Grammar Concept 171,GRAMMAR,RC,2,1.1,True
G-172,Grammar Concept 172,GRAMMAR,RC,2,1.1,True
G-173,Grammar Concept 173,GRAMMAR,RC,2,1.1,True
G-174,Grammar Concept 174,GRAMMAR,RC,2,1.1,True
G-175,Grammar Concept 175,GRAMMAR,RC,2,1.1,True
G-176,Grammar Concept 176,GRAMMAR,RC,2,1.1,True
G-177,Grammar Concept 177,GRAMMAR,RC,2,1.1,True
G-178,Grammar Concept 178,GRAMMAR,RC,2,1.1,True
G-179,Grammar Concept 179,GRAMMAR,RC,2,1.1,True
G-180,Grammar Concept 180,GRAMMAR,RC,2,1.1,True
G-181,Grammar Concept 181,GRAMMAR,RC,2,1.1,True
G-182,Grammar Concept 182,GRAMMAR,RC,2,1.1,True
G-183,Grammar Concept 183,GRAMMAR,RC,2,1.1,True
G-184,Grammar Concept 184,GRAMMAR,RC,2,1.1,True
G-185,Grammar Concept 185,GRAMMAR,RC,2,1.1,True
G-186,Grammar Concept 186,GRAMMAR,RC,2,1.1,True
G-187,Grammar Concept 187,GRAMMAR,RC,2,1.1,True
G-188,Grammar Concept 188,GRAMMAR,RC,2,1.1,True
G-189,Grammar Concept 189,GRAMMAR,RC,2,1.1,True
G-190,Grammar Concept 190,GRAMMAR,RC,2,1.1,True
G-191,Grammar Concept 191,GRAMMAR,RC,2,1.1,True
G-192,Grammar Concept 192,GRAMMAR,RC,2,1.1,True
G-193,Grammar Concept 193,GRAMMAR,RC,2,1.1,True
G-194,Grammar Concept 194,GRAMMAR,RC,2,1.1,True
G-195,Grammar Concept 195,GRAMMAR,RC,2,1.1,True
G-196,Grammar Concept 196,GRAMMAR,RC,2,1.1,True
G-197,Grammar Concept 197,GRAMMAR,RC,2,1.1,True
G-198,Grammar Concept 198,GRAMMAR,RC,2,1.1,True
G-199,Grammar Concept 199,GRAMMAR,RC,2,1.1,True
G-200,Grammar Concept 200,GRAMMAR,RC,2,1.1,True
G-201,Grammar Concept 201,GRAMMAR,RC,2,1.1,True
G-202,Grammar Concept 202,GRAMMAR,RC,2,1.1,True
G-203,Grammar Concept 203,GRAMMAR,RC,2,1.1,True
G-204,Grammar Concept 204,GRAMMAR,RC,2,1.1,True
G-205,Grammar Concept 205,GRAMMAR,RC,2,1.1,True
G-206,Grammar Concept 206,GRAMMAR,RC,2,1.1,True
G-207,Grammar Concept 207,GRAMMAR,RC,2,1.1,True
G-208,Grammar Concept 208,GRAMMAR,RC,2,1.1,True
G-209,Grammar Concept 209,GRAMMAR,RC,2,1.1,True
G-210,Grammar Concept 210,GRAMMAR,RC,2,1.1,True
G-211,Grammar Concept 211,GRAMMAR,RC,2,1.1,True
G-212,Grammar Concept 212,GRAMMAR,RC,2,1.1,True
G-213,Grammar Concept 213,GRAMMAR,RC,2,1.1,True
G-214,Grammar Concept 214,GRAMMAR,RC,2,1.1,True
G-215,Grammar Concept 215,GRAMMAR,RC,2,1.1,True
G-216,Grammar Concept 216,GRAMMAR,RC,2,1.1,True
G-217,Grammar Concept 217,GRAMMAR,RC,2,1.1,True
G-218,Grammar Concept 218,GRAMMAR,RC,2,1.1,True
G-219,Grammar Concept 219,GRAMMAR,RC,2,1.1,True
G-220,Grammar Concept 220,GRAMMAR,RC,2,1.1,True
V-001,Vocabulary Concept 1,VOCAB,RC,1,1.0,True
V-002,Vocabulary Concept 2,VOCAB,RC,1,1.0,True
V-003,Vocabulary Concept 3,VOCAB,RC,1,1.0,True
V-004,Vocabulary Concept 4,VOCAB,RC,1,1.0,True
V-005,Vocabulary Concept 5,VOCAB,RC,1,1.0,True
V-006,Vocabulary Concept 6,VOCAB,RC,1,1.0,True
V-007,Vocabulary Concept 7,VOCAB,RC,1,1.0,True
V-008,Vocabulary Concept 8,VOCAB,RC,1,1.0,True
V-009,Vocabulary Concept 9,VOCAB,RC,1,1.0,True
V-010,Vocabulary Concept 10,VOCAB,RC,1,1.0,True
V-011,Vocabulary Concept 11,VOCAB,RC,1,1.0,True
V-012,Vocabulary Concept 12,VOCAB,RC,1,1.0,True
V-013,Vocabulary Concept 13,VOCAB,RC,1,1.0,True
V-014,Vocabulary Concept 14,VOCAB,RC,1,1.0,True
V-015,Vocabulary Concept 15,VOCAB,RC,1,1.0,True
V-016,Vocabulary Concept 16,VOCAB,RC,1,1.0,True
V-017,Vocabulary Concept 17,VOCAB,RC,1,1.0,True
V-018,Vocabulary Concept 18,VOCAB,RC,1,1.0,True
V-019,Vocabulary Concept 19,VOCAB,RC,1,1.0,True
V-020,Vocabulary Concept 20,VOCAB,RC,1,1.0,True
V-021,Vocabulary Concept 21,VOCAB,RC,1,1.0,True
V-022,Vocabulary Concept 22,VOCAB,RC,1,1.0,True
V-023,Vocabulary Concept 23,VOCAB,RC,1,1.0,True
V-024,Vocabulary Concept 24,VOCAB,RC,1,1.0,True
V-025,Vocabulary Concept 25,VOCAB,RC,1,1.0,True
V-026,Vocabulary Concept 26,VOCAB,RC,1,1.0,True
V-027,Vocabulary Concept 27,VOCAB,RC,1,1.0,True
V-028,Vocabulary Concept 28,VOCAB,RC,1,1.0,True
V-029,Vocabulary Concept 29,VOCAB,RC,1,1.0,True
V-030,Vocabulary Concept 30,VOCAB,RC,1,1.0,True
V-031,Vocabulary Concept 31,VOCAB,RC,1,1.0,True
V-032,Vocabulary Concept 32,VOCAB,RC,1,1.0,True
V-033,Vocabulary Concept 33,VOCAB,RC,1,1.0,True
V-034,Vocabulary Concept 34,VOCAB,RC,1,1.0,True
V-035,Vocabulary Concept 35,VOCAB,RC,1,1.0,True
V-036,Vocabulary Concept 36,VOCAB,RC,1,1.0,True
V-037,Vocabulary Concept 37,VOCAB,RC,1,1.0,True
V-038,Vocabulary Concept 38,VOCAB,RC,1,1.0,True
V-039,Vocabulary Concept 39,VOCAB,RC,1,1.0,True
V-040,Vocabulary Concept 40,VOCAB,RC,1,1.0,True
V-041,Vocabulary Concept 41,VOCAB,RC,1,1.0,True
V-042,Vocabulary Concept 42,VOCAB,RC,1,1.0,True
V-043,Vocabulary Concept 43,VOCAB,RC,1,1.0,True
V-044,Vocabulary Concept 44,VOCAB,RC,1,1.0,True
V-045,Vocabulary Concept 45,VOCAB,RC,1,1.0,True
V-046,Vocabulary Concept 46,VOCAB,RC,1,1.0,True
V-047,Vocabulary Concept 47,VOCAB,RC,1,1.0,True
V-048,Vocabulary Concept 48,VOCAB,RC,1,1.0,True
V-049,Vocabulary Concept 49,VOCAB,RC,1,1.0,True
V-050,Vocabulary Concept 50,VOCAB,RC,1,1.0,True
V-051,Vocabulary Concept 51,VOCAB,RC,1,1.0,True
V-052,Vocabulary Concept 52,VOCAB,RC,1,1.0,True
V-053,Vocabulary Concept 53,VOCAB,RC,1,1.0,True
V-054,Vocabulary Concept 54,VOCAB,RC,1,1.0,True
V-055,Vocabulary Concept 55,VOCAB,RC,1,1.0,True
V-056,Vocabulary Concept 56,VOCAB,RC,1,1.0,True
V-057,Vocabulary Concept 57,VOCAB,RC,1,1.0,True
V-058,Vocabulary Concept 58,VOCAB,RC,1,1.0,True
V-059,Vocabulary Concept 59,VOCAB,RC,1,1.0,True
V-060,Vocabulary Concept 60,VOCAB,RC,1,1.0,True
V-061,Vocabulary Concept 61,VOCAB,RC,1,1.0,True
V-062,Vocabulary Concept 62,VOCAB,RC,1,1.0,True
V-063,Vocabulary Concept 63,VOCAB,RC,1,1.0,True
V-064,Vocabulary Concept 64,VOCAB,RC,1,1.0,True
V-065,Vocabulary Concept 65,VOCAB,RC,1,1.0,True
V-066,Vocabulary Concept 66,VOCAB,RC,1,1.0,True
V-067,Vocabulary Concept 67,VOCAB,RC,1,1.0,True
V-068,Vocabulary Concept 68,VOCAB,RC,1,1.0,True
V-069,Vocabulary Concept 69,VOCAB,RC,1,1.0,True
V-070,Vocabulary Concept 70,VOCAB,RC,1,1.0,True
V-071,Vocabulary Concept 71,VOCAB,RC,1,1.0,True
V-072,Vocabulary Concept 72,VOCAB,RC,1,1.0,True
V-073,Vocabulary Concept 73,VOCAB,RC,1,1.0,True
V-074,Vocabulary Concept 74,VOCAB,RC,1,1.0,True
V-075,Vocabulary Concept 75,VOCAB,RC,1,1.0,True
V-076,Vocabulary Concept 76,VOCAB,RC,1,1.0,True
V-077,Vocabulary Concept 77,VOCAB,RC,1,1.0,True
V-078,Vocabulary Concept 78,VOCAB,RC,1,1.0,True
V-079,Vocabulary Concept 79,VOCAB,RC,1,1.0,True
V-080,Vocabulary Concept 80,VOCAB,RC,1,1.0,True
V-081,Vocabulary Concept 81,VOCAB,RC,1,1.0,True
V-082,Vocabulary Concept 82,VOCAB,RC,1,1.0,True
V-083,Vocabulary Concept 83,VOCAB,RC,1,1.0,True
V-084,Vocabulary Concept 84,VOCAB,RC,1,1.0,True
V-085,Vocabulary Concept 85,VOCAB,RC,1,1.0,True
V-086,Vocabulary Concept 86,VOCAB,RC,1,1.0,True
V-087,Vocabulary Concept 87,VOCAB,RC,1,1.0,True
V-088,Vocabulary Concept 88,VOCAB,RC,1,1.0,True
V-089,Vocabulary Concept 89,VOCAB,RC,1,1.0,True
V-090,Vocabulary Concept 90,VOCAB,RC,1,1.0,True
V-091,Vocabulary Concept 91,VOCAB,RC,1,1.0,True
V-092,Vocabulary Concept 92,VOCAB,RC,1,1.0,True
V-093,Vocabulary Concept 93,VOCAB,RC,1,1.0,True
V-094,Vocabulary Concept 94,VOCAB,RC,1,1.0,True
V-095,Vocabulary Concept 95,VOCAB,RC,1,1.0,True
V-096,Vocabulary Concept 96,VOCAB,RC,1,1.0,True
V-097,Vocabulary Concept 97,VOCAB,RC,1,1.0,True
V-098,Vocabulary Concept 98,VOCAB,RC,1,1.0,True
V-099,Vocabulary Concept 99,VOCAB,RC,1,1.0,True
V-100,Vocabulary Concept 100,VOCAB,RC,1,1.0,True
V-101,Vocabulary Concept 101,VOCAB,RC,1,1.0,True
V-102,Vocabulary Concept 102,VOCAB,RC,1,1.0,True
V-103,Vocabulary Concept 103,VOCAB,RC,1,1.0,True
V-104,Vocabulary Concept 104,VOCAB,RC,1,1.0,True
V-105,Vocabulary Concept 105,VOCAB,RC,1,1.0,True
V-106,Vocabulary Concept 106,VOCAB,RC,1,1.0,True
V-107,Vocabulary Concept 107,VOCAB,RC,1,1.0,True
V-108,Vocabulary Concept 108,VOCAB,RC,1,1.0,True
V-109,Vocabulary Concept 109,VOCAB,RC,1,1.0,True
V-110,Vocabulary Concept 110,VOCAB,RC,1,1.0,True
V-111,Vocabulary Concept 111,VOCAB,RC,1,1.0,True
V-112,Vocabulary Concept 112,VOCAB,RC,1,1.0,True
V-113,Vocabulary Concept 113,VOCAB,RC,1,1.0,True
V-114,Vocabulary Concept 114,VOCAB,RC,1,1.0,True
V-115,Vocabulary Concept 115,VOCAB,RC,1,1.0,True
V-116,Vocabulary Concept 116,VOCAB,RC,1,1.0,True
V-117,Vocabulary Concept 117,VOCAB,RC,1,1.0,True
V-118,Vocabulary Concept 118,VOCAB,RC,1,1.0,True
V-119,Vocabulary Concept 119,VOCAB,RC,1,1.0,True
V-120,Vocabulary Concept 120,VOCAB,RC,1,1.0,True
V-121,Vocabulary Concept 121,VOCAB,RC,1,1.0,True
V-122,Vocabulary Concept 122,VOCAB,RC,1,1.0,True
V-123,Vocabulary Concept 123,VOCAB,RC,1,1.0,True
V-124,Vocabulary Concept 124,VOCAB,RC,1,1.0,True
V-125,Vocabulary Concept 125,VOCAB,RC,1,1.0,True
V-126,Vocabulary Concept 126,VOCAB,RC,1,1.0,True
V-127,Vocabulary Concept 127,VOCAB,RC,1,1.0,True
V-128,Vocabulary Concept 128,VOCAB,RC,1,1.0,True
V-129,Vocabulary Concept 129,VOCAB,RC,1,1.0,True
V-130,Vocabulary Concept 130,VOCAB,RC,1,1.0,True
V-131,Vocabulary Concept 131,VOCAB,RC,1,1.0,True
V-132,Vocabulary Concept 132,VOCAB,RC,1,1.0,True
V-133,Vocabulary Concept 133,VOCAB,RC,1,1.0,True
V-134,Vocabulary Concept 134,VOCAB,RC,1,1.0,True
V-135,Vocabulary Concept 135,VOCAB,RC,1,1.0,True
V-136,Vocabulary Concept 136,VOCAB,RC,1,1.0,True
V-137,Vocabulary Concept 137,VOCAB,RC,1,1.0,True
V-138,Vocabulary Concept 138,VOCAB,RC,1,1.0,True
V-139,Vocabulary Concept 139,VOCAB,RC,1,1.0,True
V-140,Vocabulary Concept 140,VOCAB,RC,1,1.0,True
V-141,Vocabulary Concept 141,VOCAB,RC,1,1.0,True
V-142,Vocabulary Concept 142,VOCAB,RC,1,1.0,True
V-143,Vocabulary Concept 143,VOCAB,RC,1,1.0,True
V-144,Vocabulary Concept 144,VOCAB,RC,1,1.0,True
V-145,Vocabulary Concept 145,VOCAB,RC,1,1.0,True
V-146,Vocabulary Concept 146,VOCAB,RC,1,1.0,True
V-147,Vocabulary Concept 147,VOCAB,RC,1,1.0,True
V-148,Vocabulary Concept 148,VOCAB,RC,1,1.0,True
V-149,Vocabulary Concept 149,VOCAB,RC,1,1.0,True
V-150,Vocabulary Concept 150,VOCAB,RC,1,1.0,True
P5-001,Part5 Pattern 1,P5,P5,2,1.2,True
P5-002,Part5 Pattern 2,P5,P5,2,1.2,True
P5-003,Part5 Pattern 3,P5,P5,2,1.2,True
P5-004,Part5 Pattern 4,P5,P5,2,1.2,True
P5-005,Part5 Pattern 5,P5,P5,2,1.2,True
P5-006,Part5 Pattern 6,P5,P5,2,1.2,True
P5-007,Part5 Pattern 7,P5,P5,2,1.2,True
P5-008,Part5 Pattern 8,P5,P5,2,1.2,True
P5-009,Part5 Pattern 9,P5,P5,2,1.2,True
P5-010,Part5 Pattern 10,P5,P5,2,1.2,True
P5-011,Part5 Pattern 11,P5,P5,2,1.2,True
P5-012,Part5 Pattern 12,P5,P5,2,1.2,True
P5-013,Part5 Pattern 13,P5,P5,2,1.2,True
P5-014,Part5 Pattern 14,P5,P5,2,1.2,True
P5-015,Part5 Pattern 15,P5,P5,2,1.2,True
P5-016,Part5 Pattern 16,P5,P5,2,1.2,True
P5-017,Part5 Pattern 17,P5,P5,2,1.2,True
P5-018,Part5 Pattern 18,P5,P5,2,1.2,True
P5-019,Part5 Pattern 19,P5,P5,2,1.2,True
P5-020,Part5 Pattern 20,P5,P5,2,1.2,True
P5-021,Part5 Pattern 21,P5,P5,2,1.2,True
P5-022,Part5 Pattern 22,P5,P5,2,1.2,True
P5-023,Part5 Pattern 23,P5,P5,2,1.2,True
P5-024,Part5 Pattern 24,P5,P5,2,1.2,True
P5-025,Part5 Pattern 25,P5,P5,2,1.2,True
P5-026,Part5 Pattern 26,P5,P5,2,1.2,True
P5-027,Part5 Pattern 27,P5,P5,2,1.2,True
P5-028,Part5 Pattern 28,P5,P5,2,1.2,True
P5-029,Part5 Pattern 29,P5,P5,2,1.2,True
P5-030,Part5 Pattern 30,P5,P5,2,1.2,True
P5-031,Part5 Pattern 31,P5,P5,2,1.2,True
P5-032,Part5 Pattern 32,P5,P5,2,1.2,True
P5-033,Part5 Pattern 33,P5,P5,2,1.2,True
P5-034,Part5 Pattern 34,P5,P5,2,1.2,True
P5-035,Part5 Pattern 35,P5,P5,2,1.2,True
P5-036,Part5 Pattern 36,P5,P5,2,1.2,True
P5-037,Part5 Pattern 37,P5,P5,2,1.2,True
P5-038,Part5 Pattern 38,P5,P5,2,1.2,True
P5-039,Part5 Pattern 39,P5,P5,2,1.2,True
P5-040,Part5 Pattern 40,P5,P5,2,1.2,True
P5-041,Part5 Pattern 41,P5,P5,2,1.2,True
P5-042,Part5 Pattern 42,P5,P5,2,1.2,True
P5-043,Part5 Pattern 43,P5,P5,2,1.2,True
P5-044,Part5 Pattern 44,P5,P5,2,1.2,True
P5-045,Part5 Pattern 45,P5,P5,2,1.2,True
P5-046,Part5 Pattern 46,P5,P5,2,1.2,True
P5-047,Part5 Pattern 47,P5,P5,2,1.2,True
P5-048,Part5 Pattern 48,P5,P5,2,1.2,True
P5-049,Part5 Pattern 49,P5,P5,2,1.2,True
P5-050,Part5 Pattern 50,P5,P5,2,1.2,True
P5-051,Part5 Pattern 51,P5,P5,2,1.2,True
P5-052,Part5 Pattern 52,P5,P5,2,1.2,True
P5-053,Part5 Pattern 53,P5,P5,2,1.2,True
P5-054,Part5 Pattern 54,P5,P5,2,1.2,True
P5-055,Part5 Pattern 55,P5,P5,2,1.2,True
P5-056,Part5 Pattern 56,P5,P5,2,1.2,True
P5-057,Part5 Pattern 57,P5,P5,2,1.2,True
P5-058,Part5 Pattern 58,P5,P5,2,1.2,True
P5-059,Part5 Pattern 59,P5,P5,2,1.2,True
P5-060,Part5 Pattern 60,P5,P5,2,1.2,True
P5-061,Part5 Pattern 61,P5,P5,2,1.2,True
P5-062,Part5 Pattern 62,P5,P5,2,1.2,True
P5-063,Part5 Pattern 63,P5,P5,2,1.2,True
P5-064,Part5 Pattern 64,P5,P5,2,1.2,True
P5-065,Part5 Pattern 65,P5,P5,2,1.2,True
P5-066,Part5 Pattern 66,P5,P5,2,1.2,True
P5-067,Part5 Pattern 67,P5,P5,2,1.2,True
P5-068,Part5 Pattern 68,P5,P5,2,1.2,True
P5-069,Part5 Pattern 69,P5,P5,2,1.2,True
P5-070,Part5 Pattern 70,P5,P5,2,1.2,True
P5-071,Part5 Pattern 71,P5,P5,2,1.2,True
P5-072,Part5 Pattern 72,P5,P5,2,1.2,True
P5-073,Part5 Pattern 73,P5,P5,2,1.2,True
P5-074,Part5 Pattern 74,P5,P5,2,1.2,True
P5-075,Part5 Pattern 75,P5,P5,2,1.2,True
P5-076,Part5 Pattern 76,P5,P5,2,1.2,True
P5-077,Part5 Pattern 77,P5,P5,2,1.2,True
P5-078,Part5 Pattern 78,P5,P5,2,1.2,True
P5-079,Part5 Pattern 79,P5,P5,2,1.2,True
P5-080,Part5 Pattern 80,P5,P5,2,1.2,True
P6-001,Part6 Pattern 1,P6,P6,2,1.1,True
P6-002,Part6 Pattern 2,P6,P6,2,1.1,True
P6-003,Part6 Pattern 3,P6,P6,2,1.1,True
P6-004,Part6 Pattern 4,P6,P6,2,1.1,True
P6-005,Part6 Pattern 5,P6,P6,2,1.1,True
P6-006,Part6 Pattern 6,P6,P6,2,1.1,True
P6-007,Part6 Pattern 7,P6,P6,2,1.1,True
P6-008,Part6 Pattern 8,P6,P6,2,1.1,True
P6-009,Part6 Pattern 9,P6,P6,2,1.1,True
P6-010,Part6 Pattern 10,P6,P6,2,1.1,True
P6-011,Part6 Pattern 11,P6,P6,2,1.1,True
P6-012,Part6 Pattern 12,P6,P6,2,1.1,True
P6-013,Part6 Pattern 13,P6,P6,2,1.1,True
P6-014,Part6 Pattern 14,P6,P6,2,1.1,True
P6-015,Part6 Pattern 15,P6,P6,2,1.1,True
P6-016,Part6 Pattern 16,P6,P6,2,1.1,True
P6-017,Part6 Pattern 17,P6,P6,2,1.1,True
P6-018,Part6 Pattern 18,P6,P6,2,1.1,True
P6-019,Part6 Pattern 19,P6,P6,2,1.1,True
P6-020,Part6 Pattern 20,P6,P6,2,1.1,True
P6-021,Part6 Pattern 21,P6,P6,2,1.1,True
P6-022,Part6 Pattern 22,P6,P6,2,1.1,True
P6-023,Part6 Pattern 23,P6,P6,2,1.1,True
P6-024,Part6 Pattern 24,P6,P6,2,1.1,True
P6-025,Part6 Pattern 25,P6,P6,2,1.1,True
P6-026,Part6 Pattern 26,P6,P6,2,1.1,True
P6-027,Part6 Pattern 27,P6,P6,2,1.1,True
P6-028,Part6 Pattern 28,P6,P6,2,1.1,True
P6-029,Part6 Pattern 29,P6,P6,2,1.1,True
P6-030,Part6 Pattern 30,P6,P6,2,1.1,True
P6-031,Part6 Pattern 31,P6,P6,2,1.1,True
P6-032,Part6 Pattern 32,P6,P6,2,1.1,True
P6-033,Part6 Pattern 33,P6,P6,2,1.1,True
P6-034,Part6 Pattern 34,P6,P6,2,1.1,True
P6-035,Part6 Pattern 35,P6,P6,2,1.1,True
P6-036,Part6 Pattern 36,P6,P6,2,1.1,True
P6-037,Part6 Pattern 37,P6,P6,2,1.1,True
P6-038,Part6 Pattern 38,P6,P6,2,1.1,True
P6-039,Part6 Pattern 39,P6,P6,2,1.1,True
P6-040,Part6 Pattern 40,P6,P6,2,1.1,True
P6-041,Part6 Pattern 41,P6,P6,2,1.1,True
P6-042,Part6 Pattern 42,P6,P6,2,1.1,True
P6-043,Part6 Pattern 43,P6,P6,2,1.1,True
P6-044,Part6 Pattern 44,P6,P6,2,1.1,True
P6-045,Part6 Pattern 45,P6,P6,2,1.1,True
P6-046,Part6 Pattern 46,P6,P6,2,1.1,True
P6-047,Part6 Pattern 47,P6,P6,2,1.1,True
P6-048,Part6 Pattern 48,P6,P6,2,1.1,True
P6-049,Part6 Pattern 49,P6,P6,2,1.1,True
P6-050,Part6 Pattern 50,P6,P6,2,1.1,True
P6-051,Part6 Pattern 51,P6,P6,2,1.1,True
P6-052,Part6 Pattern 52,P6,P6,2,1.1,True
P6-053,Part6 Pattern 53,P6,P6,2,1.1,True
P6-054,Part6 Pattern 54,P6,P6,2,1.1,True
P6-055,Part6 Pattern 55,P6,P6,2,1.1,True
P6-056,Part6 Pattern 56,P6,P6,2,1.1,True
P6-057,Part6 Pattern 57,P6,P6,2,1.1,True
P6-058,Part6 Pattern 58,P6,P6,2,1.1,True
P6-059,Part6 Pattern 59,P6,P6,2,1.1,True
P6-060,Part6 Pattern 60,P6,P6,2,1.1,True
P7-001,Part7 Pattern 1,P7,P7,2,1.3,True
P7-002,Part7 Pattern 2,P7,P7,2,1.3,True
P7-003,Part7 Pattern 3,P7,P7,2,1.3,True
P7-004,Part7 Pattern 4,P7,P7,2,1.3,True
P7-005,Part7 Pattern 5,P7,P7,2,1.3,True
P7-006,Part7 Pattern 6,P7,P7,2,1.3,True
P7-007,Part7 Pattern 7,P7,P7,2,1.3,True
P7-008,Part7 Pattern 8,P7,P7,2,1.3,True
P7-009,Part7 Pattern 9,P7,P7,2,1.3,True
P7-010,Part7 Pattern 10,P7,P7,2,1.3,True
P7-011,Part7 Pattern 11,P7,P7,2,1.3,True
P7-012,Part7 Pattern 12,P7,P7,2,1.3,True
P7-013,Part7 Pattern 13,P7,P7,2,1.3,True
P7-014,Part7 Pattern 14,P7,P7,2,1.3,True
P7-015,Part7 Pattern 15,P7,P7,2,1.3,True
P7-016,Part7 Pattern 16,P7,P7,2,1.3,True
P7-017,Part7 Pattern 17,P7,P7,2,1.3,True
P7-018,Part7 Pattern 18,P7,P7,2,1.3,True
P7-019,Part7 Pattern 19,P7,P7,2,1.3,True
P7-020,Part7 Pattern 20,P7,P7,2,1.3,True
P7-021,Part7 Pattern 21,P7,P7,2,1.3,True
P7-022,Part7 Pattern 22,P7,P7,2,1.3,True
P7-023,Part7 Pattern 23,P7,P7,2,1.3,True
P7-024,Part7 Pattern 24,P7,P7,2,1.3,True
P7-025,Part7 Pattern 25,P7,P7,2,1.3,True
P7-026,Part7 Pattern 26,P7,P7,2,1.3,True
P7-027,Part7 Pattern 27,P7,P7,2,1.3,True
P7-028,Part7 Pattern 28,P7,P7,2,1.3,True
P7-029,Part7 Pattern 29,P7,P7,2,1.3,True
P7-030,Part7 Pattern 30,P7,P7,2,1.3,True
P7-031,Part7 Pattern 31,P7,P7,2,1.3,True
P7-032,Part7 Pattern 32,P7,P7,2,1.3,True
P7-033,Part7 Pattern 33,P7,P7,2,1.3,True
P7-034,Part7 Pattern 34,P7,P7,2,1.3,True
P7-035,Part7 Pattern 35,P7,P7,2,1.3,True
P7-036,Part7 Pattern 36,P7,P7,2,1.3,True
P7-037,Part7 Pattern 37,P7,P7,2,1.3,True
P7-038,Part7 Pattern 38,P7,P7,2,1.3,True
P7-039,Part7 Pattern 39,P7,P7,2,1.3,True
P7-040,Part7 Pattern 40,P7,P7,2,1.3,True
P7-041,Part7 Pattern 41,P7,P7,2,1.3,True
P7-042,Part7 Pattern 42,P7,P7,2,1.3,True
P7-043,Part7 Pattern 43,P7,P7,2,1.3,True
P7-044,Part7 Pattern 44,P7,P7,2,1.3,True
P7-045,Part7 Pattern 45,P7,P7,2,1.3,True
P7-046,Part7 Pattern 46,P7,P7,2,1.3,True
P7-047,Part7 Pattern 47,P7,P7,2,1.3,True
P7-048,Part7 Pattern 48,P7,P7,2,1.3,True
P7-049,Part7 Pattern 49,P7,P7,2,1.3,True
P7-050,Part7 Pattern 50,P7,P7,2,1.3,True
P7-051,Part7 Pattern 51,P7,P7,2,1.3,True
P7-052,Part7 Pattern 52,P7,P7,2,1.3,True
P7-053,Part7 Pattern 53,P7,P7,2,1.3,True
P7-054,Part7 Pattern 54,P7,P7,2,1.3,True
P7-055,Part7 Pattern 55,P7,P7,2,1.3,True
P7-056,Part7 Pattern 56,P7,P7,2,1.3,True
P7-057,Part7 Pattern 57,P7,P7,2,1.3,True
P7-058,Part7 Pattern 58,P7,P7,2,1.3,True
P7-059,Part7 Pattern 59,P7,P7,2,1.3,True
P7-060,Part7 Pattern 60,P7,P7,2,1.3,True
P7-061,Part7 Pattern 61,P7,P7,2,1.3,True
P7-062,Part7 Pattern 62,P7,P7,2,1.3,True
P7-063,Part7 Pattern 63,P7,P7,2,1.3,True
P7-064,Part7 Pattern 64,P7,P7,2,1.3,True
P7-065,Part7 Pattern 65,P7,P7,2,1.3,True
P7-066,Part7 Pattern 66,P7,P7,2,1.3,True
P7-067,Part7 Pattern 67,P7,P7,2,1.3,True
P7-068,Part7 Pattern 68,P7,P7,2,1.3,True
P7-069,Part7 Pattern 69,P7,P7,2,1.3,True
P7-070,Part7 Pattern 70,P7,P7,2,1.3,True
P7-071,Part7 Pattern 71,P7,P7,2,1.3,True
P7-072,Part7 Pattern 72,P7,P7,2,1.3,True
P7-073,Part7 Pattern 73,P7,P7,2,1.3,True
P7-074,Part7 Pattern 74,P7,P7,2,1.3,True
P7-075,Part7 Pattern 75,P7,P7,2,1.3,True
P7-076,Part7 Pattern 76,P7,P7,2,1.3,True
P7-077,Part7 Pattern 77,P7,P7,2,1.3,True
P7-078,Part7 Pattern 78,P7,P7,2,1.3,True
P7-079,Part7 Pattern 79,P7,P7,2,1.3,True
P7-080,Part7 Pattern 80,P7,P7,2,1.3,True
P7-081,Part7 Pattern 81,P7,P7,2,1.3,True
P7-082,Part7 Pattern 82,P7,P7,2,1.3,True
P7-083,Part7 Pattern 83,P7,P7,2,1.3,True
P7-084,Part7 Pattern 84,P7,P7,2,1.3,True
P7-085,Part7 Pattern 85,P7,P7,2,1.3,True
P7-086,Part7 Pattern 86,P7,P7,2,1.3,True
P7-087,Part7 Pattern 87,P7,P7,2,1.3,True
P7-088,Part7 Pattern 88,P7,P7,2,1.3,True
P7-089,Part7 Pattern 89,P7,P7,2,1.3,True
P7-090,Part7 Pattern 90,P7,P7,2,1.3,True
P7-091,Part7 Pattern 91,P7,P7,2,1.3,True
P7-092,Part7 Pattern 92,P7,P7,2,1.3,True
P7-093,Part7 Pattern 93,P7,P7,2,1.3,True
P7-094,Part7 Pattern 94,P7,P7,2,1.3,True
P7-095,Part7 Pattern 95,P7,P7,2,1.3,True
P7-096,Part7 Pattern 96,P7,P7,2,1.3,True
P7-097,Part7 Pattern 97,P7,P7,2,1.3,True
P7-098,Part7 Pattern 98,P7,P7,2,1.3,True
P7-099,Part7 Pattern 99,P7,P7,2,1.3,True
P7-100,Part7 Pattern 100,P7,P7,2,1.3,True
P7-101,Part7 Pattern 101,P7,P7,2,1.3,True
P7-102,Part7 Pattern 102,P7,P7,2,1.3,True
P7-103,Part7 Pattern 103,P7,P7,2,1.3,True
P7-104,Part7 Pattern 104,P7,P7,2,1.3,True
P7-105,Part7 Pattern 105,P7,P7,2,1.3,True
P7-106,Part7 Pattern 106,P7,P7,2,1.3,True
P7-107,Part7 Pattern 107,P7,P7,2,1.3,True
P7-108,Part7 Pattern 108,P7,P7,2,1.3,True
P7-109,Part7 Pattern 109,P7,P7,2,1.3,True
P7-110,Part7 Pattern 110,P7,P7,2,1.3,True
P7-111,Part7 Pattern 111,P7,P7,2,1.3,True
P7-112,Part7 Pattern 112,P7,P7,2,1.3,True
P7-113,Part7 Pattern 113,P7,P7,2,1.3,True
P7-114,Part7 Pattern 114,P7,P7,2,1.3,True
P7-115,Part7 Pattern 115,P7,P7,2,1.3,True
P7-116,Part7 Pattern 116,P7,P7,2,1.3,True
P7-117,Part7 Pattern 117,P7,P7,2,1.3,True
P7-118,Part7 Pattern 118,P7,P7,2,1.3,True
P7-119,Part7 Pattern 119,P7,P7,2,1.3,True
P7-120,Part7 Pattern 120,P7,P7,2,1.3,True
P7-121,Part7 Pattern 121,P7,P7,2,1.3,True
P7-122,Part7 Pattern 122,P7,P7,2,1.3,True
P7-123,Part7 Pattern 123,P7,P7,2,1.3,True
P7-124,Part7 Pattern 124,P7,P7,2,1.3,True
P7-125,Part7 Pattern 125,P7,P7,2,1.3,True
P7-126,Part7 Pattern 126,P7,P7,2,1.3,True
P7-127,Part7 Pattern 127,P7,P7,2,1.3,True
P7-128,Part7 Pattern 128,P7,P7,2,1.3,True
P7-129,Part7 Pattern 129,P7,P7,2,1.3,True
P7-130,Part7 Pattern 130,P7,P7,2,1.3,True
P7-131,Part7 Pattern 131,P7,P7,2,1.3,True
P7-132,Part7 Pattern 132,P7,P7,2,1.3,True
P7-133,Part7 Pattern 133,P7,P7,2,1.3,True
P7-134,Part7 Pattern 134,P7,P7,2,1.3,True
P7-135,Part7 Pattern 135,P7,P7,2,1.3,True
P7-136,Part7 Pattern 136,P7,P7,2,1.3,True
P7-137,Part7 Pattern 137,P7,P7,2,1.3,True
P7-138,Part7 Pattern 138,P7,P7,2,1.3,True
P7-139,Part7 Pattern 139,P7,P7,2,1.3,True
P7-140,Part7 Pattern 140,P7,P7,2,1.3,True
LC-001,Listening Pattern 1,LC,LC,2,1.2,True
LC-002,Listening Pattern 2,LC,LC,2,1.2,True
LC-003,Listening Pattern 3,LC,LC,2,1.2,True
LC-004,Listening Pattern 4,LC,LC,2,1.2,True
LC-005,Listening Pattern 5,LC,LC,2,1.2,True
LC-006,Listening Pattern 6,LC,LC,2,1.2,True
LC-007,Listening Pattern 7,LC,LC,2,1.2,True
LC-008,Listening Pattern 8,LC,LC,2,1.2,True
LC-009,Listening Pattern 9,LC,LC,2,1.2,True
LC-010,Listening Pattern 10,LC,LC,2,1.2,True
LC-011,Listening Pattern 11,LC,LC,2,1.2,True
LC-012,Listening Pattern 12,LC,LC,2,1.2,True
LC-013,Listening Pattern 13,LC,LC,2,1.2,True
LC-014,Listening Pattern 14,LC,LC,2,1.2,True
LC-015,Listening Pattern 15,LC,LC,2,1.2,True
LC-016,Listening Pattern 16,LC,LC,2,1.2,True
LC-017,Listening Pattern 17,LC,LC,2,1.2,True
LC-018,Listening Pattern 18,LC,LC,2,1.2,True
LC-019,Listening Pattern 19,LC,LC,2,1.2,True
LC-020,Listening Pattern 20,LC,LC,2,1.2,True
LC-021,Listening Pattern 21,LC,LC,2,1.2,True
LC-022,Listening Pattern 22,LC,LC,2,1.2,True
LC-023,Listening Pattern 23,LC,LC,2,1.2,True
LC-024,Listening Pattern 24,LC,LC,2,1.2,True
LC-025,Listening Pattern 25,LC,LC,2,1.2,True
LC-026,Listening Pattern 26,LC,LC,2,1.2,True
LC-027,Listening Pattern 27,LC,LC,2,1.2,True
LC-028,Listening Pattern 28,LC,LC,2,1.2,True
LC-029,Listening Pattern 29,LC,LC,2,1.2,True
LC-030,Listening Pattern 30,LC,LC,2,1.2,True
LC-031,Listening Pattern 31,LC,LC,2,1.2,True
LC-032,Listening Pattern 32,LC,LC,2,1.2,True
LC-033,Listening Pattern 33,LC,LC,2,1.2,True
LC-034,Listening Pattern 34,LC,LC,2,1.2,True
LC-035,Listening Pattern 35,LC,LC,2,1.2,True
LC-036,Listening Pattern 36,LC,LC,2,1.2,True
LC-037,Listening Pattern 37,LC,LC,2,1.2,True
LC-038,Listening Pattern 38,LC,LC,2,1.2,True
LC-039,Listening Pattern 39,LC,LC,2,1.2,True
LC-040,Listening Pattern 40,LC,LC,2,1.2,True
LC-041,Listening Pattern 41,LC,LC,2,1.2,True
LC-042,Listening Pattern 42,LC,LC,2,1.2,True
LC-043,Listening Pattern 43,LC,LC,2,1.2,True
LC-044,Listening Pattern 44,LC,LC,2,1.2,True
LC-045,Listening Pattern 45,LC,LC,2,1.2,True
LC-046,Listening Pattern 46,LC,LC,2,1.2,True
LC-047,Listening Pattern 47,LC,LC,2,1.2,True
LC-048,Listening Pattern 48,LC,LC,2,1.2,True
LC-049,Listening Pattern 49,LC,LC,2,1.2,True
LC-050,Listening Pattern 50,LC,LC,2,1.2,True
LC-051,Listening Pattern 51,LC,LC,2,1.2,True
LC-052,Listening Pattern 52,LC,LC,2,1.2,True
LC-053,Listening Pattern 53,LC,LC,2,1.2,True
LC-054,Listening Pattern 54,LC,LC,2,1.2,True
LC-055,Listening Pattern 55,LC,LC,2,1.2,True
LC-056,Listening Pattern 56,LC,LC,2,1.2,True
LC-057,Listening Pattern 57,LC,LC,2,1.2,True
LC-058,Listening Pattern 58,LC,LC,2,1.2,True
LC-059,Listening Pattern 59,LC,LC,2,1.2,True
LC-060,Listening Pattern 60,LC,LC,2,1.2,True
LC-061,Listening Pattern 61,LC,LC,2,1.2,True
LC-062,Listening Pattern 62,LC,LC,2,1.2,True
LC-063,Listening Pattern 63,LC,LC,2,1.2,True
LC-064,Listening Pattern 64,LC,LC,2,1.2,True
LC-065,Listening Pattern 65,LC,LC,2,1.2,True
LC-066,Listening Pattern 66,LC,LC,2,1.2,True
LC-067,Listening Pattern 67,LC,LC,2,1.2,True
LC-068,Listening Pattern 68,LC,LC,2,1.2,True
LC-069,Listening Pattern 69,LC,LC,2,1.2,True
LC-070,Listening Pattern 70,LC,LC,2,1.2,True
LC-071,Listening Pattern 71,LC,LC,2,1.2,True
LC-072,Listening Pattern 72,LC,LC,2,1.2,True
LC-073,Listening Pattern 73,LC,LC,2,1.2,True
LC-074,Listening Pattern 74,LC,LC,2,1.2,True
LC-075,Listening Pattern 75,LC,LC,2,1.2,True
LC-076,Listening Pattern 76,LC,LC,2,1.2,True
LC-077,Listening Pattern 77,LC,LC,2,1.2,True
LC-078,Listening Pattern 78,LC,LC,2,1.2,True
LC-079,Listening Pattern 79,LC,LC,2,1.2,True
LC-080,Listening Pattern 80,LC,LC,2,1.2,True
LC-081,Listening Pattern 81,LC,LC,2,1.2,True
LC-082,Listening Pattern 82,LC,LC,2,1.2,True
LC-083,Listening Pattern 83,LC,LC,2,1.2,True
LC-084,Listening Pattern 84,LC,LC,2,1.2,True
LC-085,Listening Pattern 85,LC,LC,2,1.2,True
LC-086,Listening Pattern 86,LC,LC,2,1.2,True
LC-087,Listening Pattern 87,LC,LC,2,1.2,True
LC-088,Listening Pattern 88,LC,LC,2,1.2,True
LC-089,Listening Pattern 89,LC,LC,2,1.2,True
LC-090,Listening Pattern 90,LC,LC,2,1.2,True
LC-091,Listening Pattern 91,LC,LC,2,1.2,True
LC-092,Listening Pattern 92,LC,LC,2,1.2,True
LC-093,Listening Pattern 93,LC,LC,2,1.2,True
LC-094,Listening Pattern 94,LC,LC,2,1.2,True
LC-095,Listening Pattern 95,LC,LC,2,1.2,True
LC-096,Listening Pattern 96,LC,LC,2,1.2,True
LC-097,Listening Pattern 97,LC,LC,2,1.2,True
LC-098,Listening Pattern 98,LC,LC,2,1.2,True
LC-099,Listening Pattern 99,LC,LC,2,1.2,True
LC-100,Listening Pattern 100,LC,LC,2,1.2,True
LC-101,Listening Pattern 101,LC,LC,2,1.2,True
LC-102,Listening Pattern 102,LC,LC,2,1.2,True
LC-103,Listening Pattern 103,LC,LC,2,1.2,True
LC-104,Listening Pattern 104,LC,LC,2,1.2,True
LC-105,Listening Pattern 105,LC,LC,2,1.2,True
LC-106,Listening Pattern 106,LC,LC,2,1.2,True
LC-107,Listening Pattern 107,LC,LC,2,1.2,True
LC-108,Listening Pattern 108,LC,LC,2,1.2,True
LC-109,Listening Pattern 109,LC,LC,2,1.2,True
LC-110,Listening Pattern 110,LC,LC,2,1.2,True
LC-111,Listening Pattern 111,LC,LC,2,1.2,True
LC-112,Listening Pattern 112,LC,LC,2,1.2,True
LC-113,Listening Pattern 113,LC,LC,2,1.2,True
LC-114,Listening Pattern 114,LC,LC,2,1.2,True
LC-115,Listening Pattern 115,LC,LC,2,1.2,True
LC-116,Listening Pattern 116,LC,LC,2,1.2,True
LC-117,Listening Pattern 117,LC,LC,2,1.2,True
LC-118,Listening Pattern 118,LC,LC,2,1.2,True
LC-119,Listening Pattern 119,LC,LC,2,1.2,True
LC-120,Listening Pattern 120,LC,LC,2,1.2,True
LC-121,Listening Pattern 121,LC,LC,2,1.2,True
LC-122,Listening Pattern 122,LC,LC,2,1.2,True
LC-123,Listening Pattern 123,LC,LC,2,1.2,True
LC-124,Listening Pattern 124,LC,LC,2,1.2,True
LC-125,Listening Pattern 125,LC,LC,2,1.2,True
LC-126,Listening Pattern 126,LC,LC,2,1.2,True
LC-127,Listening Pattern 127,LC,LC,2,1.2,True
LC-128,Listening Pattern 128,LC,LC,2,1.2,True
LC-129,Listening Pattern 129,LC,LC,2,1.2,True
LC-130,Listening Pattern 130,LC,LC,2,1.2,True
LC-131,Listening Pattern 131,LC,LC,2,1.2,True
LC-132,Listening Pattern 132,LC,LC,2,1.2,True
LC-133,Listening Pattern 133,LC,LC,2,1.2,True
LC-134,Listening Pattern 134,LC,LC,2,1.2,True
LC-135,Listening Pattern 135,LC,LC,2,1.2,True
LC-136,Listening Pattern 136,LC,LC,2,1.2,True
LC-137,Listening Pattern 137,LC,LC,2,1.2,True
LC-138,Listening Pattern 138,LC,LC,2,1.2,True
LC-139,Listening Pattern 139,LC,LC,2,1.2,True
LC-140,Listening Pattern 140,LC,LC,2,1.2,True
LC-141,Listening Pattern 141,LC,LC,2,1.2,True
LC-142,Listening Pattern 142,LC,LC,2,1.2,True
LC-143,Listening Pattern 143,LC,LC,2,1.2,True
LC-144,Listening Pattern 144,LC,LC,2,1.2,True
LC-145,Listening Pattern 145,LC,LC,2,1.2,True
LC-146,Listening Pattern 146,LC,LC,2,1.2,True
LC-147,Listening Pattern 147,LC,LC,2,1.2,True
LC-148,Listening Pattern 148,LC,LC,2,1.2,True
LC-149,Listening Pattern 149,LC,LC,2,1.2,True
LC-150,Listening Pattern 150,LC,LC,2,1.2,True
M-001,Meta Learning Pattern 1,META,,1,1.5,True
M-002,Meta Learning Pattern 2,META,,1,1.5,True
M-003,Meta Learning Pattern 3,META,,1,1.5,True
M-004,Meta Learning Pattern 4,META,,1,1.5,True
M-005,Meta Learning Pattern 5,META,,1,1.5,True
M-006,Meta Learning Pattern 6,META,,1,1.5,True
M-007,Meta Learning Pattern 7,META,,1,1.5,True
M-008,Meta Learning Pattern 8,META,,1,1.5,True
M-009,Meta Learning Pattern 9,META,,1,1.5,True
M-010,Meta Learning Pattern 10,META,,1,1.5,True
M-011,Meta Learning Pattern 11,META,,1,1.5,True
M-012,Meta Learning Pattern 12,META,,1,1.5,True
